gauge,regime,frac_snow,provenance,n_seeds,mask,ctrl_NSE_mean,ctrl_NSE_std,phys_NSE_mean,phys_NSE_std,dNSE_mean,dNSE_std,dNSE_ci95_lo,dNSE_ci95_hi,p_NSE,ctrl_floodMAE_mean,ctrl_floodMAE_std,phys_floodMAE_mean,phys_floodMAE_std,floodMAE_red_pct_mean,floodMAE_red_pct_std,floodMAE_red_pct_ci95_lo,floodMAE_red_pct_ci95_hi,p_floodMAE
11266500,snowmelt-montane,0.803,carried,10,0.0,0.9805764973163604,0.002564200534012432,0.9452660083770752,0.01876672496875309,-0.035310488939285276,0.019593146337820923,-0.04932658148173931,-0.02129439639683124,0.0002946770293983071,380.3964569091797,62.750602725383935,693.0707489013672,103.96407633937811,-87.11704372473983,45.895609887872496,-119.94878521176494,-54.28530223771472,2.012394718709106e-05
11266500,snowmelt-montane,0.803,carried,10,0.8,0.912138831615448,0.01942721441939574,0.8479611158370972,0.05583916935632569,-0.06417771577835082,0.050431562538049264,-0.10025428231883582,-0.028101149237865823,0.0029989415295122784,786.1245788574219,90.88606509258574,936.2624389648438,176.14503990482808,-19.116428347103625,17.995413056378066,-31.98957135277834,-6.24328534142891,0.0077088448901611074
11266500,snowmelt-montane,0.803,carried,10,1.0,0.45708354115486144,0.09318059039593254,0.7544975101947784,0.0717633402349681,0.297413969039917,0.13321362118535587,0.20211868515561265,0.3927092529242214,5.9197573236087405e-05,2643.409521484375,303.3849183316527,1034.2469665527344,193.29684562134446,60.348919372270835,9.359806124725955,53.6533174224016,67.04452132214007,2.3406057669250263e-07
09352900,snowmelt-montane,0.606,carried,10,0.0,0.9449376583099365,0.004485789341844841,0.9433693408966064,0.0046456641266786215,-0.0015683174133300781,0.006160734729449707,-0.00597544154789524,0.002838806721235084,0.4415607311259582,104.10850219726562,5.712103401839096,119.52517013549804,12.679698813101211,-15.133876634085976,13.703498925849358,-24.9367692266539,-5.330984041518052,0.007700264727898507
09352900,snowmelt-montane,0.606,carried,10,0.8,0.8542991578578949,0.01976182270454875,0.8705207943916321,0.019381914611033526,0.016221636533737184,0.013560390930558367,0.00652111723390029,0.02592215583357408,0.004329798859938699,186.24434967041014,25.79256885290004,188.4786636352539,27.05815622307135,-2.4736907000097594,16.320069504290093,-14.148365125824919,9.200983725805399,0.8278844681682692
09352900,snowmelt-montane,0.606,carried,10,1.0,0.6438917279243469,0.07988480169794338,0.7798729002475738,0.03601167758236576,0.13598117232322693,0.06433829452359216,0.0899563290174007,0.18200601562905316,9.020938816118737e-05,338.16376953125,80.44334606434933,232.91607055664062,37.47332103888257,27.906645259937893,18.886048711885152,14.396379887392474,41.41691063248331,0.001607352643893334
09210500,snowmelt-montane,0.597,carried,10,0.0,0.9755293190479278,0.0035622960350490808,0.9650498569011688,0.009890937776421924,-0.010479462146759034,0.008501371734905592,-0.01656097712754756,-0.004397947165970508,0.0036300443132977135,36.26729106903076,6.375473816512047,47.81599769592285,7.324205856802959,-34.40509244678513,26.165988399307818,-53.123112949778275,-15.687071943791988,0.002244106144411036
09210500,snowmelt-montane,0.597,carried,10,0.8,0.9135824143886566,0.017009336902619382,0.8972671270370484,0.03659921641329957,-0.016315287351608275,0.034741076851978483,-0.04116755659852868,0.008536981895312133,0.17168134394527634,76.2077018737793,6.099027787686502,81.36567840576171,14.39748456888781,-7.165108678234658,19.64725005842275,-21.219904690859916,6.889687334390601,0.29283615871263935
09210500,snowmelt-montane,0.597,carried,10,1.0,0.5815645456314087,0.040416834982532575,0.6948181092739105,0.08565580284101017,0.11325356364250183,0.08590921440678968,0.051797813830090314,0.17470931345491336,0.0024158828469245776,220.31237335205077,32.93453416765806,161.74144821166993,37.762288715113954,25.22846757557067,19.13862050521712,11.537523226411832,38.9194119247295,0.002485804885449501
01013500,mixed rain-snow,0.275,fresh,10,0.0,0.9940443754196167,0.0007602094848004992,0.9867067039012909,0.002574317972106727,-0.0073376715183258055,0.0031370980259772664,-0.009581816255915582,-0.005093526780736029,4.11837124461334e-05,327.69114074707034,45.58088508238019,623.071322631836,107.07915701584682,-96.41723753494792,59.60778244151773,-139.05807635408456,-53.77639871581128,6.368713566741601e-05
01013500,mixed rain-snow,0.275,fresh,10,0.8,0.9637002348899841,0.010719615712948992,0.9640473365783692,0.004886903595891299,0.00034710168838500974,0.014114165348179898,-0.00974956396544733,0.01044376734221735,0.9397140325752456,761.8009460449218,153.36144222606436,965.1806518554688,106.9713974129329,-32.336227385606996,33.395185541109534,-56.225703988611386,-8.446750782602603,0.025809678946921207
01013500,mixed rain-snow,0.275,fresh,10,1.0,0.8684398353099823,0.05476090767668579,0.9349138498306274,0.01081716067003333,0.06647401452064514,0.05969457542732326,0.023771087739722703,0.10917694130156758,0.006500992697714928,1785.4209838867187,728.0696267981369,1116.969256591797,167.82346312974846,23.035624488707004,42.80235658925349,-7.583336889234463,53.654585866648475,0.034440887314715084
01466500,groundwater/baseflow,0.055,fresh,10,0.0,0.7796702563762665,0.015439161450467805,0.7793082118034362,0.016209579444814954,-0.0003620445728302002,0.0010848691972744147,-0.0011381132451753042,0.00041402409951490373,0.31878313898142707,1.5554652094841004,0.10856461358043329,1.5552048683166504,0.10996038384266173,0.02153210511308602,0.3085873389241442,-0.19921797888141063,0.24228218910758265,0.8727216908172324
01466500,groundwater/baseflow,0.055,fresh,10,0.8,0.6360160350799561,0.022029268484181387,0.6366278171539307,0.021625893427772727,0.0006117820739746094,0.0010522317392065378,-0.00014093916734831075,0.0013645033152975294,0.0991332280403221,2.1699350118637084,0.07803556437075013,2.1691087245941163,0.07559597438346527,0.034218193796804235,0.3075188310129496,-0.18576752568433505,0.2542039132779435,0.7127032954113411
01466500,groundwater/baseflow,0.055,fresh,10,1.0,0.34789466857910156,0.04219390180124338,0.34913278818130494,0.04134339631682133,0.0012381196022033692,0.0027550468626548774,-0.0007327221972696105,0.003208961401676349,0.1889880004200702,2.9214791297912597,0.1880689090353424,2.9225143909454347,0.18599123903498788,-0.04038818949806997,0.26704858588697544,-0.23142323964201802,0.1506468606458781,0.6845066947562671
07067000,humid rain,0.043,carried,10,0.0,0.7462174654006958,0.0035654533152953485,0.7461785197257995,0.00368369074116206,-3.894567489624023e-05,0.00035658009587644183,-0.0002940277090131346,0.00021613635922065414,0.7377409892674885,2832.650927734375,47.30047506734425,2834.5031005859373,47.93014199545492,-0.06513760294399203,0.1177224088955516,-0.14935114113492726,0.019075935246943218,0.11461775063394616
07067000,humid rain,0.043,carried,10,0.8,0.6074019849300385,0.015270710213532657,0.6070225715637207,0.01501235786403767,-0.000379413366317749,0.0006356389404634216,-0.0008341220720821337,7.529533944663575e-05,0.09169202752056,3395.162744140625,173.60678435853515,3401.1146240234375,173.23148751619541,-0.17616605084239517,0.1397445699141166,-0.27613329400235886,-0.07619880768243148,0.0032223252262494465
07067000,humid rain,0.043,carried,10,1.0,0.5089995086193084,0.02533024730492997,0.5078531444072724,0.02506862612152395,-0.0011463642120361328,0.001149287502976409,-0.001968514964236088,-0.0003242134598361779,0.011657849765491135,3843.4658447265624,258.6608961521932,3857.7290771484377,256.72785488453945,-0.37554335750556633,0.3082508358099258,-0.5960527216734262,-0.15503399333770645,0.004351284770847843
12040500,energy-limited maritime,0.039,fresh,10,0.0,0.548798006772995,0.006363919381768147,0.5486968100070954,0.006220874147751443,-0.0001011967658996582,0.0006585490117533258,-0.0005722943493775562,0.0003699008175782398,0.6386249543497144,16887.238671875,176.69060910201722,16891.977734375,172.53396947488932,-0.028381683972909445,0.14132231004145765,-0.12947757442879357,0.07271420648297469,0.5463370376149582
12040500,energy-limited maritime,0.039,fresh,10,0.8,0.5168608546257019,0.016389667543678307,0.5170937478542328,0.016212288102033685,0.0002328932285308838,0.0007311000598576943,-0.00029010424824388407,0.0007558907053056517,0.3400809144427989,17827.156640625,579.4499294117879,17827.362109375,576.2290817911841,-0.0016945251395963062,0.10660418909898067,-0.07795456801695477,0.07456551773776215,0.9733141841457434
12040500,energy-limited maritime,0.039,fresh,10,1.0,0.49861128330230714,0.02276898330191212,0.4989327609539032,0.02259608824430617,0.00032147765159606934,0.0007343452385779319,-0.00020384128618732966,0.0008467965893794683,0.19960476841140695,18052.959765625,706.6141860573226,18051.652734375,702.9303345127131,0.006555736553417568,0.1165810069478715,-0.07684129187175635,0.08995276497859149,0.8473415220794218
02177000,humid rain,0.018,fresh,10,0.0,0.6513488531112671,0.00704604435316426,0.6508359611034393,0.007010687719797661,-0.0005128920078277588,0.00019536352684050248,-0.0006526466559278975,-0.00037313735972762004,1.6443246392657486e-05,842.2723022460938,28.678426029974723,843.8051208496094,28.307883227170986,-0.18363788962688368,0.13528484524302117,-0.2804148379446515,-0.08686094130911585,0.0015629883464337946
02177000,humid rain,0.018,fresh,10,0.8,0.641046279668808,0.006248632369788774,0.6406955301761628,0.006205969553440802,-0.0003507494926452637,0.0002994844591156181,-0.0005649877687045103,-0.0001365112165860171,0.004893296368815985,854.7462524414062,35.95640998064174,856.8028869628906,35.04513702885968,-0.24567312651210976,0.22652865751770865,-0.4077219660676662,-0.08362428695655336,0.00580750989132153
02177000,humid rain,0.018,fresh,10,1.0,0.5680505931377411,0.02607476442447263,0.5676058888435364,0.025637488250827744,-0.0004447042942047119,0.0010602055597468377,-0.0012031296631181063,0.0003137210747086826,0.21737189826825332,901.9253356933593,60.89731127649368,903.9325927734375,59.01054489088843,-0.238093167581476,0.32381554835738235,-0.46973685635960716,-0.006449478803344816,0.040166398504752995
11143000,Mediterranean,0.01,fresh,10,0.0,0.8120366156101226,0.0124918463596604,0.8138809382915497,0.01189277924417438,0.0018443226814270019,0.006438359620603777,-0.002761402336294578,0.0064500476991485815,0.38861690353673195,263.27784118652346,11.086187092917227,262.6032913208008,9.886344870005725,0.2072293816678406,2.74325925611481,-1.755180072061837,2.1696388353975182,0.7767114515711867
11143000,Mediterranean,0.01,fresh,10,0.8,0.6932673871517181,0.01811150420313642,0.6942691206932068,0.025237294769549667,0.0010017335414886474,0.015864140522645846,-0.010346788938675128,0.012350256021652422,0.8461691605916309,370.50294799804686,25.531197028034295,369.3665802001953,26.89735935091082,0.1897213468382804,5.695234637079802,-3.8844040819200876,4.263846775596648,0.8679347504377101
11143000,Mediterranean,0.01,fresh,10,1.0,0.5607821226119996,0.05874440792427829,0.5627760112285614,0.052113617993768936,0.0019938886165618897,0.018774753044959968,-0.011436760632043987,0.015424537865167766,0.7446915031303575,487.85471496582034,81.6674381428978,479.082763671875,73.98300243817538,1.3544253340619878,7.2753035295291735,-3.850013288819458,6.5588639569434335,0.45520640044476596
08202700,arid/flashy,0.003,fresh,10,0.0,-0.0013686418533325195,0.0003655229061217835,-0.0013935446739196777,0.0002924038526335893,-2.4902820587158204e-05,0.0002099823234185689,-0.0001751151257763971,0.00012530948460208067,0.7163234732979955,20.970493698120116,0.36706829569527627,20.809492301940917,0.3025099642686955,0.7575721864135082,1.1483563112478208,-0.06391243135261837,1.579056804179635,0.06499539878072534
08202700,arid/flashy,0.003,fresh,10,0.8,-0.0009945452213287354,0.0007137992819038817,-0.000971531867980957,0.0006355932812321054,2.301335334777832e-05,0.0005038489195663352,-0.00033741845082985747,0.00038344515752541415,0.8883377737811158,21.29481315612793,0.33506945387884385,21.14013252258301,0.2798667341045387,0.7194020530304888,0.9154409788558969,0.06453502679737766,1.3742690792635999,0.0341902022823254
08202700,arid/flashy,0.003,fresh,10,1.0,-0.0007014572620391846,0.0008717346288298792,-0.0006437301635742188,0.000812773465114594,5.772709846496582e-05,0.0006521099601733933,-0.00040876426499732616,0.0005242184619272579,0.7858540514041085,21.31410369873047,0.3300904237957288,21.14719009399414,0.31537439728170713,0.7796617482341789,0.7701405246445485,0.22873640536183026,1.3305870911065276,0.010875833646663472
09512280,arid/flashy,0.003,fresh,10,0.0,0.21349335312843323,0.022205362228074017,0.21510009765625,0.014393643240156323,0.0016067445278167725,0.02020118347121459,-0.012844311577097025,0.01605780063273057,0.8070621908813954,23.88864631652832,1.1387588789507541,23.88300266265869,1.104712972295694,0.010179943362953626,1.3815882045257613,-0.9781487199521608,0.998508606678068,0.9596620335054826
09512280,arid/flashy,0.003,fresh,10,0.8,0.17552001476287843,0.0520650109791378,0.17643236517906188,0.030090199628187837,0.0009123504161834717,0.0332791114213228,-0.022894091763627014,0.02471879259599396,0.9328127648186607,25.07581958770752,1.6596327095397347,25.18052520751953,1.3853092670915044,-0.4982564764253117,2.3162477177576095,-2.1552002772620087,1.1586873244113851,0.5858978076877297
09512280,arid/flashy,0.003,fresh,10,1.0,0.14897454380989075,0.05753785096835092,0.1529417097568512,0.031873062959576745,0.003967165946960449,0.037545756755728174,-0.022891450438144438,0.030825782332065337,0.7459333435406439,25.39335079193115,2.010789347144295,25.59566421508789,1.650455166762091,-0.9343338427567638,3.354058191047545,-3.3336825327501005,1.4650148472365727,0.468836761435326
